#{"t_start": 1598184201.0047982, "env_id": "Pendulum-v0"}
r,l,t
-1608.450135,200,2.042098
-856.975881,200,2.064262
-1381.1839,200,2.085209
-897.735975,200,2.107105
-1622.522754,200,2.128092
-1555.240508,200,2.863814
-999.377781,200,3.309219
-1618.059024,200,3.738095
-892.978405,200,4.178626
-1792.538459,200,4.622298
-1613.131902,200,5.061449
-1308.185509,200,5.49609
-1673.663123,200,5.926359
-1376.211841,200,6.36652
-1023.372137,200,6.805304
-1356.896811,200,7.241861
-1005.226019,200,7.681073
-943.309908,200,8.109811
-1191.225589,200,8.550137
-831.176691,200,9.020071
-982.439702,200,9.511185
-1361.897255,200,10.0026
-1400.492872,200,10.469352
-1419.888572,200,10.937031
-1488.73734,200,11.394766
-1037.002933,200,11.888684
-1187.17562,200,12.381124
-1378.969739,200,12.850243
-1382.10148,200,13.351606
-1443.123756,200,13.84062
-1361.87686,200,14.399136
-1257.724591,200,14.927912
-1299.756214,200,15.411158
-1333.76563,200,15.896165
-1274.765878,200,16.440819
-1266.910232,200,16.935318
-1287.41107,200,17.422722
-1384.604981,200,17.916466
-1383.157706,200,18.389939
-1339.487784,200,18.873137
-1321.08168,200,19.338964
-1384.761745,200,19.806971
-1447.135344,200,20.285953
-1030.712172,200,20.755063
-1351.733898,200,21.217731
-1371.018039,200,21.680953
-1361.533081,200,22.141498
-1413.788049,200,22.638821
-1211.56013,200,23.1274
-1057.170249,200,23.595766
-1177.965265,200,24.058665
-1335.411959,200,24.557922
-1309.310775,200,25.006721
-1209.489954,200,25.454199
-1187.467683,200,25.902297
-661.827143,200,26.355364
-663.949929,200,26.798236
-513.880411,200,27.238059
-389.828538,200,27.680226
-630.468247,200,28.112593
-259.807431,200,28.547852
-380.664749,200,28.990416
-397.209717,200,29.424213
-510.665813,200,29.862079
-628.38033,200,30.29488
-499.014672,200,30.727721
-511.81815,200,31.158469
-790.50533,200,31.592143
-753.61686,200,32.030319
-628.303164,200,32.471934
-653.886319,200,32.909762
-519.235964,200,33.355287
-793.829842,200,33.791042
-697.012355,200,34.241505
-849.722547,200,34.689444
-653.445289,200,35.148793
-749.390807,200,35.58755
-752.413648,200,36.037153
-697.081046,200,36.476672
-733.567831,200,36.923519
-787.56381,200,37.37188
-754.863996,200,37.817853
-748.002829,200,38.261716
-758.342755,200,38.710598
-651.908848,200,39.164484
-753.241639,200,39.630101
-865.269881,200,40.094501
-749.148046,200,40.556777
-379.157388,200,41.029558
-624.645078,200,41.493267
-505.475639,200,41.963339
-745.404538,200,42.428337
-735.742108,200,42.893273
-255.799115,200,43.357769
-415.065288,200,43.83661
-512.756982,200,44.304726
-676.833173,200,44.771036
-626.261356,200,45.239756
-254.993505,200,45.704737
-611.680639,200,46.17078
-499.803942,200,46.634716
-491.480491,200,47.102311
-625.55309,200,47.564958
-625.663031,200,48.033437
-492.832211,200,48.496644
-374.781343,200,48.974223
-374.312037,200,49.479799
-364.945488,200,49.967258
-373.921572,200,50.45699
-502.30805,200,50.949656
-126.655057,200,51.439043
-255.021566,200,51.921446
-486.340754,200,52.396154
-394.114904,200,52.872721
-369.597604,200,53.350576
-591.016708,200,53.819953
-746.699828,200,54.317958
-255.675494,200,54.884544
-242.974337,200,55.411134
-378.755905,200,55.87027
-491.203809,200,56.33273
-373.093857,200,56.79577
-376.393776,200,57.267465
-379.49643,200,57.74759
-249.663663,200,58.20341
-248.610293,200,58.658158
-124.920836,200,59.127584
-125.986939,200,59.585157
-250.552822,200,60.05043
-356.369653,200,60.520792
-1.046966,200,60.9879
-365.335308,200,61.450697
-384.635073,200,61.908172
-247.630613,200,62.376944
-374.606188,200,62.834058
-400.073116,200,63.296896
-122.433349,200,63.762654
-366.176536,200,64.225989
-381.271946,200,64.683074
-236.822403,200,65.145421
-248.818626,200,65.612532
-238.791642,200,66.116685
-390.764901,200,66.603618
-122.80096,200,67.097799
-121.685633,200,67.599437
-123.011131,200,68.109438
-1.515634,200,68.597698
-120.926896,200,69.094429
-2.977035,200,69.578014
-361.079352,200,70.058803
-372.093579,200,70.538233
-253.507545,200,71.027903
-0.583889,200,71.506374
-119.427305,200,72.00133
-133.197732,200,72.508306
-259.264751,200,73.004598
-114.76276,200,73.510903
-124.004951,200,74.00277
-125.330016,200,74.517563
-125.02088,200,75.003749
-230.571649,200,75.479519
-258.339388,200,75.961909
-372.869382,200,76.418973
-120.261215,200,76.881616
-123.068225,200,77.33882
-124.850793,200,77.800543
-130.086831,200,78.277251
-351.333602,200,78.74074
-129.333233,200,79.246053
-126.846835,200,79.741819
-356.792301,200,80.218892
-125.341174,200,80.720112
-124.678445,200,81.221387
-336.09074,200,81.721063
-118.619376,200,82.214401
-228.91749,200,82.697617
-4.734862,200,83.153869
-385.429118,200,83.640013
-125.221672,200,84.092337
-238.448467,200,84.540139
-369.711941,200,85.013303
-125.899149,200,85.488286
-119.125442,200,85.976306
-129.326317,200,86.456398
-242.441548,200,86.953722
-125.935247,200,87.441552
-124.351349,200,87.956977
-1.110638,200,88.442953
-238.890459,200,88.925635
-0.262679,200,89.419758
-123.382346,200,89.913229
-240.909436,200,90.40894
-118.70829,200,90.870256
-334.152853,200,91.35036
-127.751691,200,91.844828
-244.118574,200,92.364438
-122.208776,200,92.873727
-243.368208,200,93.363116
-245.333963,200,93.860969
-127.470221,200,94.351208
-254.520085,200,94.848655
-118.732879,200,95.333261
-126.299267,200,95.834204
-122.860674,200,96.334962
-129.225444,200,96.826343
-125.787478,200,97.320985
-126.109486,200,97.815547
-121.059906,200,98.291968
-119.646266,200,98.780586
-0.618917,200,99.280601
-125.714046,200,99.778136
-119.630281,200,100.262536
-122.63539,200,100.740912
-0.994917,200,101.221725
-362.005811,200,101.69884
-0.819224,200,102.224401
-2.101968,200,102.726423
-123.630392,200,103.220322
-253.713199,200,103.700362
-257.92238,200,104.20177
-122.52181,200,104.691597
-125.484235,200,105.183286
-0.640652,200,105.667638
-233.266121,200,106.158904
-240.836545,200,106.644019
-129.572755,200,107.148923
-380.468536,200,107.644058
-121.724666,200,108.140977
-251.900726,200,108.632453
-3.279276,200,109.127157
-114.455295,200,109.625172
-243.787832,200,110.123226
-123.374013,200,110.628569
-2.704906,200,111.14509
-256.118342,200,111.655315
-343.735527,200,112.16573
-122.030547,200,112.657202
-125.766212,200,113.167455
-128.289774,200,113.65724
-114.463494,200,114.137145
-124.772411,200,114.612635
-305.642148,200,115.108301
-126.761704,200,115.618819
-131.058044,200,116.10499
-375.790898,200,116.580939
-2.148311,200,117.061425
-251.368752,200,117.539322
-363.426288,200,118.021319
-301.741033,200,118.499986
-126.483848,200,118.979753
-122.415592,200,119.463165
-238.928983,200,119.958923
-124.09967,200,120.475163
-255.581344,200,120.97897
-125.294187,200,121.472991
-235.739083,200,121.961234
-121.396886,200,122.449915
-123.13389,200,122.936343
-122.549703,200,123.430125
-238.434576,200,123.920424
-121.812623,200,124.410902
-231.320352,200,124.90958
-125.356936,200,125.405452
-0.538378,200,125.910859
-119.432929,200,126.393782
-244.797054,200,126.871596
-239.579676,200,127.35264
-123.268266,200,127.836888
-123.567033,200,128.325422
-124.32783,200,128.814364
-342.016776,200,129.30163
-0.49467,200,129.788788
-125.394053,200,130.274564
-117.563033,200,130.772657
-249.827837,200,131.276701
-122.733736,200,131.773852
-122.225705,200,132.267126
-129.037394,200,132.756966
-334.825241,200,133.248784
-120.492708,200,133.741832
-123.024107,200,134.226308
-121.550396,200,134.713466
-123.530642,200,135.199338
-120.859399,200,135.677198
-129.593175,200,136.16219
-126.61784,200,136.641171
-120.528856,200,137.126528
-331.859674,200,137.600981
-123.649043,200,138.099373
-1.30846,200,138.593013
-119.978278,200,139.075871
-231.309129,200,139.576035
-116.9701,200,140.030828
-0.568226,200,140.476594
-126.15411,200,140.936162
-114.729108,200,141.390459
-0.40182,200,141.849664
-237.957637,200,142.324894
-119.921727,200,142.796103
-114.539771,200,143.259651
